left_shoulder_x,left_shoulder_y,right_shoulder_x,right_shoulder_y,left_hip_x,left_hip_y,right_hip_x,right_hip_y,left_knee_x,left_knee_y,right_knee_x,right_knee_y,left_ankle_x,left_ankle_y,right_ankle_x,right_ankle_y,label
0.21090376377105713,0.6986019015312195,0.2334039807319641,0.6753840446472168,0.4699481129646301,0.708279550075531,0.470926433801651,0.6978952884674072,0.664868950843811,0.7299485802650452,0.664868950843811,0.7299485802650452,0.8529060482978821,0.7709406614303589,0.8359418511390686,0.7691820859909058,0
